OBJECTID;ZEFINAL;FIRST_SEDE;FIRST_NOME;SHAPE_LENG;SHAPE_AREA;ZHAPE_AREA;ANO_ELEICA;CD_TIPO_EL;NM_TIPO_EL;NR_TURNO;CD_ELEICAO;DS_ELEICAO;DT_ELEICAO;TP_ABRANGE;SG_UF;SG_UE;NM_UE;CD_MUNICIP;NM_MUNICIP;NR_ZONA;CD_CARGO;DS_CARGO;TP_AGREMIA;NR_PARTIDO;SG_PARTIDO;NM_PARTIDO;SQ_COLIGAC;NM_COLIGAC;DS_COMPOSI;ST_VOTO_EM;QT_VOTOS_N;QT_VOTOS_L;TOTAL_DOMI;TOTAL_REND;RENDA_MEDI;MORADORES_;MEDIA_MORA;RENDA_PER_;POP_MASCUL;POP_FEMINI;POP_BRANCA;POP_PRETA;POP_AMAREL;POP_PARDA;POP_INDIGE;POP_CRIANC;POP_ADOLES;POP_ADULTO;POP_IDOSA;Rank_TOT_REND;Rank_MORADORES;Rank_POP_PARDA;Rank_POP_PRETA;Rank_POP_BRANCA;Rank_POP_AMAREL;Rank_TOTAL_DOMI;Rank_POP_MASCUL;Rank_POP_FEMINI;Rank_POP_ADOLES;Rank_POP_ADULTO;Rank_POP_IDOSA
1;1;SÃO PAULO;SÃO PAULO - BELA VISTA;0.15106082394;0.00068925523;279;2018;2;Eleição Ordinária;1;297;Eleições Gerais Estaduais 2018;07/10/18;E;SP;SP;SÃO PAULO;71072;SÃO PAULO;1;6;Deputado Federal;Coligação;13;PT;Partido dos Trabalhadores;2,50E+11;SÃO PAULO DO TRABALHO  E DE OPORTUNIDADES;PT / PC do B;N;8664;2250;73450;347446238;4730.38;162750;2;2134.85;68870;77773;103417;7363;9227;26432;204;26366;63746;30356;26175;8;3;2;3;6;9;7;4;4;5;4;6
2;2;SÃO PAULO;SÃO PAULO - PERDIZES;0.17350029180;0.00144784853;660;2018;2;Eleição Ordinária;1;297;Eleições Gerais Estaduais 2018;07/10/18;E;SP;SP;SÃO PAULO;71072;SÃO PAULO;2;6;Deputado Federal;Coligação;13;PT;Partido dos Trabalhadores;2,50E+11;SÃO PAULO DO TRABALHO  E DE OPORTUNIDADES;PT / PC do B;N;6395;1588;93581;681845675;7286.16;227280;2;3000.02;89282;111361;168842;5932;5596;20041;232;30637;78581;47347;44078;9;7;1;2;9;8;9;8;8;7;9;9
3;3;SÃO PAULO;SÃO PAULO - SANTA IFIGÊNIA;0.19020527385;0.00115789825;587;2018;2;Eleição Ordinária;1;297;Eleições Gerais Estaduais 2018;07/10/18;E;SP;SP;SÃO PAULO;71072;SÃO PAULO;3;6;Deputado Federal;Coligação;13;PT;Partido dos Trabalhadores;2,50E+11;SÃO PAULO DO TRABALHO  E DE OPORTUNIDADES;PT / PC do B;N;4858;1304;36882;104730459;2839.61;105282;3;994.76;43638;45398;53076;4693;7114;23729;424;18572;39048;17895;13521;1;0;2;1;0;8;0;0;0;0;0;0
4;4;SÃO PAULO;SÃO PAULO - MOÓCA;0.28081706235;0.00173814273;192;2018;2;Eleição Ordinária;1;297;Eleições Gerais Estaduais 2018;07/10/18;E;SP;SP;SÃO PAULO;71072;SÃO PAULO;4;6;Deputado Federal;Coligação;13;PT;Partido dos Trabalhadores;2,50E+11;SÃO PAULO DO TRABALHO  E DE OPORTUNIDADES;PT / PC do B;N;4658;1583;60830;273658226;4498.74;176650;3;1549.15;70312;82376;125106;4229;3644;19431;278;24916;59162;35649;32961;7;4;1;1;8;6;4;5;5;4;5;8
5;5;SÃO PAULO;SÃO PAULO - JARDIM PAULISTA;0.17637600268;0.00102175752;365;2018;2;Eleição Ordinária;1;297;Eleições Gerais Estaduais 2018;07/10/18;E;SP;SP;SÃO PAULO;71072;SÃO PAULO;5;6;Deputado Federal;Coligação;13;PT;Partido dos Trabalhadores;2,50E+11;SÃO PAULO DO TRABALHO  E DE OPORTUNIDADES;PT / PC do B;N;2360;583;66136;704531932;10652.78;146532;2;4808.04;58440;73346;117231;2164;3755;8562;74;16947;53801;29769;31269;9;2;0;0;8;6;5;3;3;3;3;8
6;6;SÃO PAULO;SÃO PAULO - VILA MARIANA;0.17644320918;0.00135754608;370;2018;2;Eleição Ordinária;1;297;Eleições Gerais Estaduais 2018;07/10/18;E;SP;SP;SÃO PAULO;71072;SÃO PAULO;6;6;Deputado Federal;Coligação;13;PT;Partido dos Trabalhadores;2,50E+11;SÃO PAULO DO TRABALHO  E DE OPORTUNIDADES;PT / PC do B;N;4446;1153;79991;619699262;7747.11;203343;3;3047.56;80184;100768;141312;4461;18002;16974;203;27066;71257;42781;39848;9;5;1;1;9;9;8;6;7;6;8;9
20;20;SÃO PAULO;SÃO PAULO - VALO VELHO;0.14444463000;0.00091379181;177;2018;2;Eleição Ordinária;1;297;Eleições Gerais Estaduais 2018;07/10/18;E;SP;SP;SÃO PAULO;71072;SÃO PAULO;20;6;Deputado Federal;Coligação;13;PT;Partido dos Trabalhadores;2,50E+11;SÃO PAULO DO TRABALHO  E DE OPORTUNIDADES;PT / PC do B;N;18668;3472;61791;98803846;1599.0;206811;3;477.75;72553;80961;62910;15755;1065;73634;150;38305;71985;29596;13628;1;6;8;7;1;1;5;5;5;6;3;1
228;246;SÃO PAULO;SÃO PAULO - SANTO AMARO;0.18534096516;0.00210882231;182;2018;2;Eleição Ordinária;1;297;Eleições Gerais Estaduais 2018;07/10/18;E;SP;SP;SÃO PAULO;71072;SÃO PAULO;246;6;Deputado Federal;Coligação;13;PT;Partido dos Trabalhadores;2,50E+11;SÃO PAULO DO TRABALHO  E DE OPORTUNIDADES;PT / PC do B;N;2616;899;45133;343793531;7617.34;129070;3;2663.62;49854;59750;90915;2571;4481;11567;70;16351;42747;27267;23239;8;1;0;0;5;7;2;1;1;1;2;5
229;247;SÃO PAULO;SÃO PAULO - SÃO MIGUEL PAULISTA;0.17671254199;0.0009999115;581;2018;2;Eleição Ordinária;1;297;Eleições Gerais Estaduais 2018;07/10/18;E;SP;SP;SÃO PAULO;71072;SÃO PAULO;247;6;Deputado Federal;Coligação;13;PT;Partido dos Trabalhadores;2,50E+11;SÃO PAULO DO TRABALHO  E DE OPORTUNIDADES;PT / PC do B;N;7451;1972;39077;80481476;2059.56;129473;3;621.61;47480;53637;54575;6937;1499;38011;95;22160;41807;22296;14854;0;1;4;3;0;2;1;1;1;1;0;1
230;248;SÃO PAULO;SÃO PAULO - ITAQUERA;0.22659940628;0.00124568913;652;2018;2;Eleição Ordinária;1;297;Eleições Gerais Estaduais 2018;07/10/18;E;SP;SP;SÃO PAULO;71072;SÃO PAULO;248;6;Deputado Federal;Coligação;13;PT;Partido dos Trabalhadores;2,50E+11;SÃO PAULO DO TRABALHO  E DE OPORTUNIDADES;PT / PC do B;N;10269;2764;55724;117107564;2101.56;187407;3;624.88;67650;76772;77059;13329;1697;52205;132;31435;62964;31178;18845;2;4;6;7;3;3;4;4;4;5;4;3
231;249;SÃO PAULO;SÃO PAULO - SANTANA;0.19029090940;0.00107270832;188;2018;2;Eleição Ordinária;1;297;Eleições Gerais Estaduais 2018;07/10/18;E;SP;SP;SÃO PAULO;71072;SÃO PAULO;249;6;Deputado Federal;Coligação;13;PT;Partido dos Trabalhadores;2,50E+11;SÃO PAULO DO TRABALHO  E DE OPORTUNIDADES;PT / PC do B;N;2337;974;39636;224618592;5667.03;111825;3;2008.66;43036;53341;80189;3143;3295;9664;86;15032;34691;24615;22039;7;0;0;0;3;6;1;0;1;0;1;5
232;250;SÃO PAULO;SÃO PAULO - LAPA;0.27179175795;0.0025912608;191;2018;2;Eleição Ordinária;1;297;Eleições Gerais Estaduais 2018;07/10/18;E;SP;SP;SÃO PAULO;71072;SÃO PAULO;250;6;Deputado Federal;Coligação;13;PT;Partido dos Trabalhadores;2,50E+11;SÃO PAULO DO TRABALHO  E DE OPORTUNIDADES;PT / PC do B;N;4650;1655;62535;362093633;5790.26;179739;3;2014.55;71150;82094;123077;5287;3901;20861;118;23926;61898;35981;31439;8;4;2;1;8;7;5;5;5;4;6;8
233;251;SÃO PAULO;SÃO PAULO - PINHEIROS;0.19212263984;0.00151691856;189;2018;2;Eleição Ordinária;1;297;Eleições Gerais Estaduais 2018;07/10/18;E;SP;SP;SÃO PAULO;71072;SÃO PAULO;251;6;Deputado Federal;Coligação;13;PT;Partido dos Trabalhadores;2,50E+11;SÃO PAULO DO TRABALHO  E DE OPORTUNIDADES;PT / PC do B;N;3548;707;52222;489679562;9376.88;127949;2;3827.15;50063;63974;98229;2544;4846;8348;70;15307;44550;27034;27146;9;1;0;0;6;7;3;1;2;1;2;7
234;252;SÃO PAULO;SÃO PAULO - PENHA DE FRANÇA;0.18202334459;0.00099077255;770;2018;2;Eleição Ordinária;1;297;Eleições Gerais Estaduais 2018;07/10/18;E;SP;SP;SÃO PAULO;71072;SÃO PAULO;252;6;Deputado Federal;Coligação;13;PT;Partido dos Trabalhadores;2,50E+11;SÃO PAULO DO TRABALHO  E DE OPORTUNIDADES;PT / PC do B;N;3340;1435;41295;130600726;3162.63;125769;3;1038.42;47593;57158;78241;5716;2494;18199;101;18418;40037;24833;21463;4;0;1;2;3;5;1;1;1;0;1;5
235;253;SÃO PAULO;SÃO PAULO - TATUAPÉ;0.32812633417;0.00199692055;582;2018;2;Eleição Ordinária;1;297;Eleições Gerais Estaduais 2018;07/10/18;E;SP;SP;SÃO PAULO;71072;SÃO PAULO;253;6;Deputado Federal;Coligação;13;PT;Partido dos Trabalhadores;2,50E+11;SÃO PAULO DO TRABALHO  E DE OPORTUNIDADES;PT / PC do B;N;6421;2132;85087;377728464;4439.32;256226;3;1474.2;98140;116824;166768;7979;9710;30365;142;36361;81255;52426;44922;8;8;3;3;9;9;9;9;9;8;9;9
236;254;SÃO PAULO;SÃO PAULO - VILA MARIA;0.21039701816;0.00186143515;80;2018;2;Eleição Ordinária;1;297;Eleições Gerais Estaduais 2018;07/10/18;E;SP;SP;SÃO PAULO;71072;SÃO PAULO;254;6;Deputado Federal;Coligação;13;PT;Partido dos Trabalhadores;2,50E+11;SÃO PAULO DO TRABALHO  E DE OPORTUNIDADES;PT / PC do B;N;5461;2016;54354;161863736;2977.95;171314;3;944.84;64240;75188;95857;6802;2088;34348;333;28026;57485;30109;23808;5;3;3;2;5;4;3;3;3;3;4;6
237;255;SÃO PAULO;SÃO PAULO - CASA VERDE;0.21097536662;0.00147292022;586;2018;2;Eleição Ordinária;1;297;Eleições Gerais Estaduais 2018;07/10/18;E;SP;SP;SÃO PAULO;71072;SÃO PAULO;255;6;Deputado Federal;Coligação;13;PT;Partido dos Trabalhadores;2,50E+11;SÃO PAULO DO TRABALHO  E DE OPORTUNIDADES;PT / PC do B;N;7030;2591;67082;214863752;3203.0;214832;3;1000.15;79325;95060;114207;17067;4904;37899;308;33756;70235;39939;30455;6;6;4;8;7;7;6;6;7;6;7;8
238;256;SÃO PAULO;SÃO PAULO - TUCURUVI;0.44092761196;0.00556116864;552;2018;2;Eleição Ordinária;1;297;Eleições Gerais Estaduais 2018;07/10/18;E;SP;SP;SÃO PAULO;71072;SÃO PAULO;256;6;Deputado Federal;Coligação;13;PT;Partido dos Trabalhadores;2,50E+11;SÃO PAULO DO TRABALHO  E DE OPORTUNIDADES;PT / PC do B;N;6584;2386;68955;217813018;3158.77;225837;3;964.47;83585;97053;119244;11252;3209;46723;210;36791;73623;40867;29357;6;7;6;6;8;6;7;7;7;7;7;8
239;257;SÃO PAULO;SÃO PAULO - VILA PRUDENTE;0.20739727871;0.00156845768;81;2018;2;Eleição Ordinária;1;297;Eleições Gerais Estaduais 2018;07/10/18;E;SP;SP;SÃO PAULO;71072;SÃO PAULO;257;6;Deputado Federal;Coligação;13;PT;Partido dos Trabalhadores;2,50E+11;SÃO PAULO DO TRABALHO  E DE OPORTUNIDADES;PT / PC do B;N;7327;2123;70273;238246651;3390.3;211803;3;1124.85;81360;95723;138777;6543;5131;26571;61;30305;67357;42997;36424;7;6;2;2;9;8;7;7;7;5;8;9
240;258;SÃO PAULO;SÃO PAULO - INDIANÓPOLIS;0.21335645802;0.00207432008;656;2018;2;Eleição Ordinária;1;297;Eleições Gerais Estaduais 2018;07/10/18;E;SP;SP;SÃO PAULO;71072;SÃO PAULO;258;6;Deputado Federal;Coligação;13;PT;Partido dos Trabalhadores;2,50E+11;SÃO PAULO DO TRABALHO  E DE OPORTUNIDADES;PT / PC do B;N;4251;1011;83686;777774544;9293.96;215992;3;3600.94;84161;103756;162457;3475;8055;13807;123;24955;73816;46162;42984;9;7;0;0;9;8;8;7;8;7;8;9
241;259;SÃO PAULO;SÃO PAULO - SAÚDE;0.14035202397;0.00098961729;368;2018;2;Eleição Ordinária;1;297;Eleições Gerais Estaduais 2018;07/10/18;E;SP;SP;SÃO PAULO;71072;SÃO PAULO;259;6;Deputado Federal;Coligação;13;PT;Partido dos Trabalhadores;2,50E+11;SÃO PAULO DO TRABALHO  E DE OPORTUNIDADES;PT / PC do B;N;3507;1109;64649;466814874;7220.76;171816;3;2716.95;67003;83048;113131;3825;21226;11765;104;21459;60352;36832;31408;9;4;0;0;7;9;5;4;5;4;6;8
242;260;SÃO PAULO;SÃO PAULO - IPIRANGA;0.19913796405;0.00153721675;94;2018;2;Eleição Ordinária;1;297;Eleições Gerais Estaduais 2018;07/10/18;E;SP;SP;SÃO PAULO;71072;SÃO PAULO;260;6;Deputado Federal;Coligação;13;PT;Partido dos Trabalhadores;2,50E+11;SÃO PAULO DO TRABALHO  E DE OPORTUNIDADES;PT / PC do B;N;11631;2326;68222;234448156;3436.55;206823;3;1133.57;78416;90157;116716;8238;4700;38723;196;32945;70491;36900;28237;7;6;5;4;7;7;6;6;6;6;6;7
261;280;SÃO PAULO;SÃO PAULO - CAPELA DO SOCORRO;0.26606572262;0.00288001037;369;2018;2;Eleição Ordinária;1;297;Eleições Gerais Estaduais 2018;07/10/18;E;SP;SP;SÃO PAULO;71072;SÃO PAULO;280;6;Deputado Federal;Coligação;13;PT;Partido dos Trabalhadores;2,50E+11;SÃO PAULO DO TRABALHO  E DE OPORTUNIDADES;PT / PC do B;N;12498;2571;60480;186066358;3076.49;201169;3;924.93;74211;85347;92265;11222;3591;52335;145;33098;67227;35741;23492;6;5;7;5;5;6;4;5;5;5;5;6
296;320;SÃO PAULO;SÃO PAULO - JABAQUARA;0.16516057409;0.00120867193;534;2018;2;Eleição Ordinária;1;297;Eleições Gerais Estaduais 2018;07/10/18;E;SP;SP;SÃO PAULO;71072;SÃO PAULO;320;6;Deputado Federal;Coligação;13;PT;Partido dos Trabalhadores;2,50E+11;SÃO PAULO DO TRABALHO  E DE OPORTUNIDADES;PT / PC do B;N;9711;2651;74316;232006265;3121.89;231281;3;1003.14;85050;100881;107072;14888;9764;54018;189;36921;78763;41013;29234;7;7;7;7;7;9;7;7;7;7;7;7
299;325;SÃO PAULO;SÃO PAULO - PIRITUBA;0.18875536087;0.00122093522;178;2018;2;Eleição Ordinária;1;297;Eleições Gerais Estaduais 2018;07/10/18;E;SP;SP;SÃO PAULO;71072;SÃO PAULO;325;6;Deputado Federal;Coligação;13;PT;Partido dos Trabalhadores;2,50E+11;SÃO PAULO DO TRABALHO  E DE OPORTUNIDADES;PT / PC do B;N;3585;1343;36212;128015728;3535.17;110930;3;1154.02;42028;49118;66784;4685;1321;18269;87;16539;37169;22047;15391;4;0;1;1;1;2;0;0;0;0;0;1
300;326;SÃO PAULO;SÃO PAULO - ERMELINO MATARAZZO;0.12556072079;0.00089052356;281;2018;2;Eleição Ordinária;1;297;Eleições Gerais Estaduais 2018;07/10/18;E;SP;SP;SÃO PAULO;71072;SÃO PAULO;326;6;Deputado Federal;Coligação;13;PT;Partido dos Trabalhadores;2,50E+11;SÃO PAULO DO TRABALHO  E DE OPORTUNIDADES;PT / PC do B;N;8088;1973;36872;73916131;2004.67;124298;3;594.67;45270;50638;51171;7736;1243;35634;124;21922;41688;20628;11670;0;0;3;3;0;2;0;0;0;0;0;0
301;327;SÃO PAULO;SÃO PAULO - NOSSA SENHORA DO Ó;0.17703337816;0.00087588562;673;2018;2;Eleição Ordinária;1;297;Eleições Gerais Estaduais 2018;07/10/18;E;SP;SP;SÃO PAULO;71072;SÃO PAULO;327;6;Deputado Federal;Coligação;13;PT;Partido dos Trabalhadores;2,50E+11;SÃO PAULO DO TRABALHO  E DE OPORTUNIDADES;PT / PC do B;N;5068;1736;42221;124846256;2956.97;132487;3;942.33;49694;58196;74101;6725;1161;25826;77;20563;42971;25855;18501;3;1;2;2;2;1;1;1;1;1;1;3
302;328;SÃO PAULO;SÃO PAULO - CAMPO LIMPO;0.17256663199;0.00111699691;374;2018;2;Eleição Ordinária;1;297;Eleições Gerais Estaduais 2018;07/10/18;E;SP;SP;SÃO PAULO;71072;SÃO PAULO;328;6;Deputado Federal;Coligação;13;PT;Partido dos Trabalhadores;2,50E+11;SÃO PAULO DO TRABALHO  E DE OPORTUNIDADES;PT / PC do B;N;14144;3151;66295;152614875;2302.06;219199;3;696.24;78540;88948;83627;13798;2445;67360;258;37889;78290;33839;17470;4;7;7;7;4;5;6;6;6;7;5;2
317;346;SÃO PAULO;SÃO PAULO - BUTANTÃ;0.25085243730;0.00241941422;196;2018;2;Eleição Ordinária;1;297;Eleições Gerais Estaduais 2018;07/10/18;E;SP;SP;SÃO PAULO;71072;SÃO PAULO;346;6;Deputado Federal;Coligação;13;PT;Partido dos Trabalhadores;2,50E+11;SÃO PAULO DO TRABALHO  E DE OPORTUNIDADES;PT / PC do B;N;6201;1395;56185;440556780;7841.18;173332;3;2541.69;65180;76503;101704;6196;6643;26829;311;25810;59109;32155;24609;8;4;2;2;6;8;4;4;4;4;4;6
318;347;SÃO PAULO;SÃO PAULO - VILA MATILDE;0.20138843060;0.00147760459;661;2018;2;Eleição Ordinária;1;297;Eleições Gerais Estaduais 2018;07/10/18;E;SP;SP;SÃO PAULO;71072;SÃO PAULO;347;6;Deputado Federal;Coligação;13;PT;Partido dos Trabalhadores;2,50E+11;SÃO PAULO DO TRABALHO  E DE OPORTUNIDADES;PT / PC do B;N;7816;2473;64718;174420183;2695.08;207274;3;841.5;77725;89171;110305;12791;4453;39213;134;32979;68088;38050;27779;5;6;5;7;7;7;5;6;6;5;7;7
319;348;SÃO PAULO;SÃO PAULO - VILA FORMOSA;0.15760070389;0.00080966464;79;2018;2;Eleição Ordinária;1;297;Eleições Gerais Estaduais 2018;07/10/18;E;SP;SP;SÃO PAULO;71072;SÃO PAULO;348;6;Deputado Federal;Coligação;13;PT;Partido dos Trabalhadores;2,50E+11;SÃO PAULO DO TRABALHO  E DE OPORTUNIDADES;PT / PC do B;N;3129;1105;37042;127117561;3431.71;115893;3;1096.85;44076;51531;72682;4834;2084;15961;46;17164;36425;23158;18860;4;0;1;1;1;4;0;0;0;0;1;4
320;349;SÃO PAULO;SÃO PAULO - JAÇANÃ;0.18018640774;0.00099963385;289;2018;2;Eleição Ordinária;1;297;Eleições Gerais Estaduais 2018;07/10/18;E;SP;SP;SÃO PAULO;71072;SÃO PAULO;349;6;Deputado Federal;Coligação;13;PT;Partido dos Trabalhadores;2,50E+11;SÃO PAULO DO TRABALHO  E DE OPORTUNIDADES;PT / PC do B;N;5704;1848;47144;127647510;2707.61;155965;3;818.44;57575;67309;82945;9590;2250;29968;131;25317;50427;27955;21185;4;2;3;4;3;4;2;2;3;2;3;4
321;350;SÃO PAULO;SÃO PAULO - SAPOPEMBA;0.13914445917;0.000794399;539;2018;2;Eleição Ordinária;1;297;Eleições Gerais Estaduais 2018;07/10/18;E;SP;SP;SÃO PAULO;71072;SÃO PAULO;350;6;Deputado Federal;Coligação;13;PT;Partido dos Trabalhadores;2,50E+11;SÃO PAULO DO TRABALHO  E DE OPORTUNIDADES;PT / PC do B;N;9631;2186;52717;117446284;2227.86;172165;3;682.17;64387;72462;88906;7894;1522;38451;76;28453;55531;31564;21301;3;4;4;3;4;2;3;3;3;3;4;4
322;351;SÃO PAULO;SÃO PAULO - CIDADE ADEMAR;0.15532897915;0.00070357573;83;2018;2;Eleição Ordinária;1;297;Eleições Gerais Estaduais 2018;07/10/18;E;SP;SP;SÃO PAULO;71072;SÃO PAULO;351;6;Deputado Federal;Coligação;13;PT;Partido dos Trabalhadores;2,50E+11;SÃO PAULO DO TRABALHO  E DE OPORTUNIDADES;PT / PC do B;N;9286;2291;50192;122716110;2444.93;163916;3;748.65;59414;68533;67021;11617;2194;46989;126;28301;56506;26528;16612;3;3;6;6;1;4;3;3;3;3;2;1
323;352;SÃO PAULO;SÃO PAULO - ITAIM PAULISTA;0.17741398209;0.00131450958;282;2018;2;Eleição Ordinária;1;297;Eleições Gerais Estaduais 2018;07/10/18;E;SP;SP;SÃO PAULO;71072;SÃO PAULO;352;6;Deputado Federal;Coligação;13;PT;Partido dos Trabalhadores;2,50E+11;SÃO PAULO DO TRABALHO  E DE OPORTUNIDADES;PT / PC do B;N;21570;4035;75907;112760103;1485.5;264898;3;425.67;92961;103962;84845;19205;1223;91425;225;49581;86927;40597;19818;2;8;9;9;4;1;7;8;8;8;7;4
324;353;SÃO PAULO;SÃO PAULO - GUAIANASES;0.21869582326;0.00135545281;655;2018;2;Eleição Ordinária;1;297;Eleições Gerais Estaduais 2018;07/10/18;E;SP;SP;SÃO PAULO;71072;SÃO PAULO;353;6;Deputado Federal;Coligação;13;PT;Partido dos Trabalhadores;2,50E+11;SÃO PAULO DO TRABALHO  E DE OPORTUNIDADES;PT / PC do B;N;19110;3863;67129;104163462;1551.69;234167;3;444.83;82546;90529;76727;17341;819;77977;211;44760;76768;34403;17144;1;7;8;8;3;0;6;7;6;7;5;2
338;371;SÃO PAULO;SÃO PAULO - GRAJAÚ;0.36784844752;0.00339856857;199;2018;2;Eleição Ordinária;1;297;Eleições Gerais Estaduais 2018;07/10/18;E;SP;SP;SÃO PAULO;71072;SÃO PAULO;371;6;Deputado Federal;Coligação;13;PT;Partido dos Trabalhadores;2,50E+11;SÃO PAULO DO TRABALHO  E DE OPORTUNIDADES;PT / PC do B;N;25567;5036;68404;111941950;1636.48;237274;3;471.78;83519;92598;75763;16764;1257;82143;190;43909;80929;35624;15655;2;8;8;8;2;2;6;7;6;8;5;1
339;372;SÃO PAULO;SÃO PAULO - PIRAPORINHA;0.32954825285;0.00446907814;77;2018;2;Eleição Ordinária;1;297;Eleições Gerais Estaduais 2018;07/10/18;E;SP;SP;SÃO PAULO;71072;SÃO PAULO;372;6;Deputado Federal;Coligação;13;PT;Partido dos Trabalhadores;2,50E+11;SÃO PAULO DO TRABALHO  E DE OPORTUNIDADES;PT / PC do B;N;31232;6369;101220;165078194;1630.89;339696;3;485.96;119130;132194;104029;23526;1854;121643;272;61780;118892;48243;22409;5;9;9;9;6;3;9;9;9;9;9;5
340;373;SÃO PAULO;SÃO PAULO - CAPÃO REDONDO;0.16720475054;0.00066872968;286;2018;2;Eleição Ordinária;1;297;Eleições Gerais Estaduais 2018;07/10/18;E;SP;SP;SÃO PAULO;71072;SÃO PAULO;373;6;Deputado Federal;Coligação;13;PT;Partido dos Trabalhadores;2,50E+11;SÃO PAULO DO TRABALHO  E DE OPORTUNIDADES;PT / PC do B;N;12166;2661;46331;84163986;1816.58;152243;3;552.83;54046;61710;52734;10693;980;51205;144;27090;53145;22931;12590;1;2;6;5;0;1;2;2;2;2;1;0
341;374;SÃO PAULO;SÃO PAULO - RIO PEQUENO;0.33702995745;0.00344990463;653;2018;2;Eleição Ordinária;1;297;Eleições Gerais Estaduais 2018;07/10/18;E;SP;SP;SÃO PAULO;71072;SÃO PAULO;374;6;Deputado Federal;Coligação;13;PT;Partido dos Trabalhadores;2,50E+11;SÃO PAULO DO TRABALHO  E DE OPORTUNIDADES;PT / PC do B;N;15714;3870;98725;388696991;3937.17;309980;3;1253.94;116300;133518;154803;17853;10111;66632;419;50300;110151;52968;36399;8;9;7;8;9;9;9;9;9;9;9;9
342;375;SÃO PAULO;SÃO PAULO - SÃO MATEUS;0.24110574438;0.00229749715;275;2018;2;Eleição Ordinária;1;297;Eleições Gerais Estaduais 2018;07/10/18;E;SP;SP;SÃO PAULO;71072;SÃO PAULO;375;6;Deputado Federal;Coligação;13;PT;Partido dos Trabalhadores;2,50E+11;SÃO PAULO DO TRABALHO  E DE OPORTUNIDADES;PT / PC do B;N;29790;5566;90737;157013274;1730.42;313780;3;500.39;113411;123318;127237;17222;2743;89242;285;56455;103838;49659;26777;5;9;9;8;8;5;9;9;9;9;9;7
343;376;SÃO PAULO;SÃO PAULO - BRASILÂNDIA;0.24241613429;0.0022686321;773;2018;2;Eleição Ordinária;1;297;Eleições Gerais Estaduais 2018;07/10/18;E;SP;SP;SÃO PAULO;71072;SÃO PAULO;376;6;Deputado Federal;Coligação;13;PT;Partido dos Trabalhadores;2,50E+11;SÃO PAULO DO TRABALHO  E DE OPORTUNIDADES;PT / PC do B;N;21398;5217;89646;169703422;1893.04;305710;3;555.11;107994;122891;117793;25287;1894;85683;228;54536;100491;47884;27974;5;9;9;9;8;3;9;9;9;9;9;7
348;381;SÃO PAULO;SÃO PAULO - PARELHEIROS;121.212.644.423;0.03726338966;358;2018;2;Eleição Ordinária;1;297;Eleições Gerais Estaduais 2018;07/10/18;E;SP;SP;SÃO PAULO;71072;SÃO PAULO;381;6;Deputado Federal;Coligação;13;PT;Partido dos Trabalhadores;2,50E+11;SÃO PAULO DO TRABALHO  E DE OPORTUNIDADES;PT / PC do B;N;29283;5532;83800;125592516;1498.72;294818;4;426.0;104011;111605;89729;19457;2112;103652;666;55320;98615;43151;18530;3;9;9;9;4;4;8;9;9;9;8;3
356;389;SÃO PAULO;SÃO PAULO - PERUS;0.53880101252;0.00585055893;540;2018;2;Eleição Ordinária;1;297;Eleições Gerais Estaduais 2018;07/10/18;E;SP;SP;SÃO PAULO;71072;SÃO PAULO;389;6;Deputado Federal;Coligação;13;PT;Partido dos Trabalhadores;2,50E+11;SÃO PAULO DO TRABALHO  E DE OPORTUNIDADES;PT / PC do B;N;18643;3886;75752;132647439;1751.08;261164;3;507.91;93046;101037;95571;17132;1069;80079;232;47014;90053;39406;17610;4;8;8;8;5;1;7;8;8;8;7;2
357;390;SÃO PAULO;SÃO PAULO - CANGAÍBA;0.17916645191;0.00132319157;543;2018;2;Eleição Ordinária;1;297;Eleições Gerais Estaduais 2018;07/10/18;E;SP;SP;SÃO PAULO;71072;SÃO PAULO;390;6;Deputado Federal;Coligação;13;PT;Partido dos Trabalhadores;2,50E+11;SÃO PAULO DO TRABALHO  E DE OPORTUNIDADES;PT / PC do B;N;5195;1632;46888;109330332;2331.73;154283;3;708.63;56651;65685;74724;9406;1692;36346;168;25819;50940;27688;17889;2;2;4;4;2;3;2;2;2;2;2;3
359;392;SÃO PAULO;SÃO PAULO - PONTE RASA;0.16975560517;0.00093671254;84;2018;2;Eleição Ordinária;1;297;Eleições Gerais Estaduais 2018;07/10/18;E;SP;SP;SÃO PAULO;71072;SÃO PAULO;392;6;Deputado Federal;Coligação;13;PT;Partido dos Trabalhadores;2,50E+11;SÃO PAULO DO TRABALHO  E DE OPORTUNIDADES;PT / PC do B;N;5867;2002;47354;108754702;2296.63;158051;3;688.1;57989;67189;73574;11213;2532;37735;124;26064;50779;28613;19722;2;3;4;5;2;5;2;2;2;2;3;4
364;397;SÃO PAULO;SÃO PAULO - JARDIM HELENA;0.21989181094;0.0010830451;87;2018;2;Eleição Ordinária;1;297;Eleições Gerais Estaduais 2018;07/10/18;E;SP;SP;SÃO PAULO;71072;SÃO PAULO;397;6;Deputado Federal;Coligação;13;PT;Partido dos Trabalhadores;2,50E+11;SÃO PAULO DO TRABALHO  E DE OPORTUNIDADES;PT / PC do B;N;16891;3173;54742;83444301;1524.32;191560;3;435.6;68262;75358;64025;11605;860;67011;119;35492;62545;29262;16321;0;5;7;6;1;0;3;4;4;4;3;1
365;398;SÃO PAULO;SÃO PAULO - VILA JACUÍ;0.14419682722;0.00069839612;542;2018;2;Eleição Ordinária;1;297;Eleições Gerais Estaduais 2018;07/10/18;E;SP;SP;SÃO PAULO;71072;SÃO PAULO;398;6;Deputado Federal;Coligação;13;PT;Partido dos Trabalhadores;2,50E+11;SÃO PAULO DO TRABALHO  E DE OPORTUNIDADES;PT / PC do B;N;8694;1990;37532;70673230;1883.01;127609;3;553.83;45732;51349;49309;8131;945;38582;114;23140;42186;21172;10583;0;1;5;4;0;0;0;0;0;1;0;0
370;403;SÃO PAULO;SÃO PAULO - JARAGUÁ;0.30366478967;0.0022654948;768;2018;2;Eleição Ordinária;1;297;Eleições Gerais Estaduais 2018;07/10/18;E;SP;SP;SÃO PAULO;71072;SÃO PAULO;403;6;Deputado Federal;Coligação;13;PT;Partido dos Trabalhadores;2,50E+11;SÃO PAULO DO TRABALHO  E DE OPORTUNIDADES;PT / PC do B;N;8231;1935;38336;76448476;1994.17;132615;3;576.47;47588;53117;54823;8023;613;36967;279;23832;44673;21932;10268;0;1;4;4;0;0;0;1;0;1;0;0
371;404;SÃO PAULO;SÃO PAULO - CIDADE TIRADENTES;0.29446327722;0.00276552399;672;2018;2;Eleição Ordinária;1;297;Eleições Gerais Estaduais 2018;07/10/18;E;SP;SP;SÃO PAULO;71072;SÃO PAULO;404;6;Deputado Federal;Coligação;13;PT;Partido dos Trabalhadores;2,50E+11;SÃO PAULO DO TRABALHO  E DE OPORTUNIDADES;PT / PC do B;N;25218;4789;81330;118281907;1454.35;283619;3;417.05;96501;108919;90100;25613;993;88480;234;52651;93018;42486;17265;3;9;9;9;4;1;8;8;8;9;8;2
372;405;SÃO PAULO;SÃO PAULO - CONJUNTO JOSÉ BONIFÁCIO;0.18015213038;0.00144480746;190;2018;2;Eleição Ordinária;1;297;Eleições Gerais Estaduais 2018;07/10/18;E;SP;SP;SÃO PAULO;71072;SÃO PAULO;405;6;Deputado Federal;Coligação;13;PT;Partido dos Trabalhadores;2,50E+11;SÃO PAULO DO TRABALHO  E DE OPORTUNIDADES;PT / PC do B;N;7841;1976;44315;81865972;1847.36;145675;3;561.98;51387;60512;57264;12244;796;41494;101;23899;50189;24200;13611;0;2;6;7;1;0;1;2;1;2;1;0
375;408;SÃO PAULO;SÃO PAULO - JARDIM SÃO LUÍS;0.25472629922;0.00132118332;363;2018;2;Eleição Ordinária;1;297;Eleições Gerais Estaduais 2018;07/10/18;E;SP;SP;SÃO PAULO;71072;SÃO PAULO;408;6;Deputado Federal;Coligação;13;PT;Partido dos Trabalhadores;2,50E+11;SÃO PAULO DO TRABALHO  E DE OPORTUNIDADES;PT / PC do B;N;13892;2694;76999;294408707;3823.54;243519;3;1208.98;88621;97031;99786;11773;2773;71158;162;42644;88089;37152;17767;7;8;8;6;6;5;8;8;7;8;6;2
380;413;SÃO PAULO;SÃO PAULO - CURSINO;0.21203827831;0.00153788338;674;2018;2;Eleição Ordinária;1;297;Eleições Gerais Estaduais 2018;07/10/18;E;SP;SP;SÃO PAULO;71072;SÃO PAULO;413;6;Deputado Federal;Coligação;13;PT;Partido dos Trabalhadores;2,50E+11;SÃO PAULO DO TRABALHO  E DE OPORTUNIDADES;PT / PC do B;N;9578;2083;64215;195100324;3038.24;201055;3;970.38;74673;87583;106395;10818;6123;38791;129;31214;68323;37305;25414;6;5;5;5;7;8;5;5;5;6;6;6
384;417;SÃO PAULO;SÃO PAULO - PARQUE DO CARMO;0.20722183055;0.00193416062;97;2018;2;Eleição Ordinária;1;297;Eleições Gerais Estaduais 2018;07/10/18;E;SP;SP;SÃO PAULO;71072;SÃO PAULO;417;6;Deputado Federal;Coligação;13;PT;Partido dos Trabalhadores;2,50E+11;SÃO PAULO DO TRABALHO  E DE OPORTUNIDADES;PT / PC do B;N;8743;2152;49032;113876791;2322.5;161012;3;707.26;58797;66967;74784;10529;1329;39043;79;26680;55111;27267;16706;2;3;5;5;2;2;2;3;2;3;2;2
385;418;SÃO PAULO;SÃO PAULO - PEDREIRA;0.23060607930;0.00235986573;373;2018;2;Eleição Ordinária;1;297;Eleições Gerais Estaduais 2018;07/10/18;E;SP;SP;SÃO PAULO;71072;SÃO PAULO;418;6;Deputado Federal;Coligação;13;PT;Partido dos Trabalhadores;2,50E+11;SÃO PAULO DO TRABALHO  E DE OPORTUNIDADES;PT / PC do B;N;16280;3475;78702;161580479;2053.07;262842;3;614.74;94256;106198;97810;17947;2288;82224;185;46420;90999;41245;21790;5;8;8;9;5;4;8;8;8;8;8;5
387;420;SÃO PAULO;SÃO PAULO - VILA SABRINA;0.12165758815;0.00069957875;764;2018;2;Eleição Ordinária;1;297;Eleições Gerais Estaduais 2018;07/10/18;E;SP;SP;SÃO PAULO;71072;SÃO PAULO;420;6;Deputado Federal;Coligação;13;PT;Partido dos Trabalhadores;2,50E+11;SÃO PAULO DO TRABALHO  E DE OPORTUNIDADES;PT / PC do B;N;4455;1594;44471;106162383;2387.23;145210;3;731.1;53758;63355;76155;8265;1628;30888;177;23281;45857;26781;21194;1;2;3;4;2;3;1;2;2;2;2;4
388;421;SÃO PAULO;SÃO PAULO - TEOTÔNIO VILELA;0.14880754334;0.00083541394;670;2018;2;Eleição Ordinária;1;297;Eleições Gerais Estaduais 2018;07/10/18;E;SP;SP;SÃO PAULO;71072;SÃO PAULO;421;6;Deputado Federal;Coligação;13;PT;Partido dos Trabalhadores;2,50E+11;SÃO PAULO DO TRABALHO  E DE OPORTUNIDADES;PT / PC do B;N;16385;3048;59236;103985617;1755.45;199133;3;522.19;72283;80711;84799;10836;859;56349;151;35311;66200;33195;18288;1;5;7;5;4;0;4;5;4;5;4;3
389;422;SÃO PAULO;SÃO PAULO - LAUZANE PAULISTA;0.25614834448;0.00176361391;280;2018;2;Eleição Ordinária;1;297;Eleições Gerais Estaduais 2018;07/10/18;E;SP;SP;SÃO PAULO;71072;SÃO PAULO;422;6;Deputado Federal;Coligação;13;PT;Partido dos Trabalhadores;2,50E+11;SÃO PAULO DO TRABALHO  E DE OPORTUNIDADES;PT / PC do B;N;6693;2078;58585;178570681;3048.06;187584;3;951.95;68885;79544;95123;11469;2327;39352;158;30883;62369;33492;21685;6;5;5;6;5;5;4;4;4;4;5;5